Module,File path,Related route,File type,Hard-coded literal count,Shared translation usage,Translation mechanism,Current status,Last recheck,Remaining notes
admin-governance,src/modules/admin-governance/module.tsx,,Support,4,No,,Needs conversion,2026-07-17T01:37:41.492869+00:00,Admin audit; Administrative user; Administrative users; Governance
admin-governance,src/modules/admin-governance/pages/AdminAuditPage.tsx,/admin/audit,Page,19,No,,Needs conversion,2026-07-17T01:37:41.492869+00:00,"A unified read-only timeline for role governance, catalog moderation and onboarding decisions.; Action; Action, actor, entity or reason; Actor; Administration audit center; All sources"
admin-governance,src/modules/admin-governance/pages/AdminGovernancePage.tsx,/admin/governance,Page,22,No,,Needs conversion,2026-07-17T01:37:41.492869+00:00,30-day administration evidence; A reason is mandatory for every role change.; A superadmin cannot remove their own SUPERADMIN role.; Active users; Admin users; Administration governance
admin-governance,src/modules/admin-governance/pages/AdminGovernanceUserPage.tsx,/admin/governance/users/:userId,Page,21,No,,Needs conversion,2026-07-17T01:37:41.492869+00:00,All current roles; Assign; Assign administrative role; Back to users; Email; LSevin identity
admin-governance,src/modules/admin-governance/pages/AdminGovernanceUsersPage.tsx,/admin/governance/users,Page,24,No,,Needs conversion,2026-07-17T01:37:41.492869+00:00,Action; Active; Admin users; Administrative users; All roles; All user states
arrival-checkin-studio,src/modules/arrival-checkin-studio/api.ts,,Support,3,No,,Needs conversion,2026-07-17T01:37:41.492869+00:00,Check-in response could not be submitted.; Check-in visit was not found or access is invalid.; Check-in workspace could not be created.
arrival-checkin-studio,src/modules/arrival-checkin-studio/module.tsx,,Support,9,No,,Needs conversion,2026-07-17T01:37:41.492869+00:00,"(""arrival_checkin.create_visit"",async(request:ModuleCapabilityRequest; Arrival & Check-in; Arrival & Check-in Admin; Arrival check-in workspace created.; Check In; Check-in activity added."
arrival-checkin-studio,src/modules/arrival-checkin-studio/pages/AdminPage.tsx,/admin/arrival-checkin,Page,13,Yes,"getPortalLocale, i18n",Needs conversion,2026-07-17T01:37:41.492869+00:00,"Approve; Arrival & Check-in Administration; Moderate provider policies and supervise overdue arrivals, blocked readiness, identity review, long waits, late customers, and no-shows.; No profiles require review.; No templates require review.; No visits require supervision."
arrival-checkin-studio,src/modules/arrival-checkin-studio/pages/ProviderPage.tsx,/providers/:providerId/arrival-checkin,Page,53,Yes,"getPortalLocale, LocaleSelect, i18n",Needs conversion,2026-07-17T01:37:41.492869+00:00,;searchParams:Record; Accessibility needs; Active; Add task; Add update; Additional task
arrival-checkin-studio,src/modules/arrival-checkin-studio/pages/PublicCheckinPage.tsx,/providers/:providerId/check-in,Page,30,Yes,"getPortalLocale, LocaleSelect, i18n",Needs conversion,2026-07-17T01:37:41.492869+00:00,;searchParams:Record; Accessibility needs; Arrival question or note; Cancel arrival; Check in now; Companion details
audience-growth,src/modules/audience-growth/module.tsx,,Support,2,No,,Needs conversion,2026-07-17T01:37:41.492869+00:00,Audience Growth; Provider Campaigns
audience-growth,src/modules/audience-growth/pages/AdminPage.tsx,/admin/audience-growth,Page,11,No,,Needs conversion,2026-07-17T01:37:41.492869+00:00,"Approve; Audience Growth Admin; Campaign moderation queue; Campaigns sent; Moderate provider campaigns, supervise audience segmentation, and make sure LSevin notification traffic stays useful instead of becoming spam.; Moderation note"
audience-growth,src/modules/audience-growth/pages/ProviderPage.tsx,/providers/:providerId/audience-growth,Page,50,Yes,"getPortalLocale, i18n",Needs conversion,2026-07-17T01:37:41.492869+00:00,Active segments; All subscribed contacts; Announcement; Any; Audience contacts; Book consultation
audience-growth,src/modules/audience-growth/pages/PublicCampaignsPage.tsx,/providers/:providerId/campaigns,Page,9,Yes,"getPortalLocale, i18n",Needs conversion,2026-07-17T01:37:41.492869+00:00,Email; In-app; Mute temporarily; Phone; Preference; Preferred channel
availability,src/modules/availability/components/AvailabilityManager.tsx,,Component,9,Yes,"LocalizedField, i18n",Needs conversion,2026-07-17T01:37:41.492869+00:00,Bed; Description; Equipment; Generic; Room; Seat
availability,src/modules/availability/module.tsx,,Support,1,No,,Needs conversion,2026-07-17T01:37:41.492869+00:00,Availability
availability,src/modules/availability/pages/AdminAvailabilityPage.tsx,/admin/availability,Page,39,No,,Needs conversion,2026-07-17T01:37:41.492869+00:00,Active; Active but unavailable; Active resources; Active rules; Admin control center; All statuses
booking-management,src/modules/booking-management/module.tsx,,Support,3,No,,Needs conversion,2026-07-17T01:37:41.492869+00:00,Booking Management; Booking Operations; My Assigned Bookings
booking-management,src/modules/booking-management/pages/AdminPage.tsx,/admin/booking-management,Page,22,No,,Needs conversion,2026-07-17T01:37:41.492869+00:00,"Admin oversight for provider booking operations, status safety, payment consistency, and auditability.; Admin status action; Apply audited status; Assigned; Audit note; Booking"
booking-management,src/modules/booking-management/pages/ProviderPage.tsx,/providers/:providerId/booking-management,Page,32,No,,Needs conversion,2026-07-17T01:37:41.492869+00:00,Add note; Assign staff/resource; Assigned; Assignment note; Booking; Booking ID
booking-management,src/modules/booking-management/pages/StaffBookingsPage.tsx,/staff/:staffId/bookings,Page,9,No,,Needs conversion,2026-07-17T01:37:41.492869+00:00,Add internal service note; Add note; Assigned bookings; Booking ID; My Assigned Bookings; No assigned bookings yet.
bookings,src/modules/bookings/components/BookingsTable.tsx,,Component,1,Yes,i18n,Needs conversion,2026-07-17T01:37:41.492869+00:00,Invoice amount
bookings,src/modules/bookings/module.tsx,,Support,1,No,,Needs conversion,2026-07-17T01:37:41.492869+00:00,Bookings
boost-studio,src/modules/boost-studio/module.tsx,,Support,3,No,,Needs conversion,2026-07-17T01:37:41.492869+00:00,Boost Studio; Boost Studio Admin; Provider Boosts
boost-studio,src/modules/boost-studio/pages/AdminPage.tsx,/admin/boost-studio,Page,16,No,,Needs conversion,2026-07-17T01:37:41.492869+00:00,"Active; Approve; Approve LSevin-native boosted placements, supervise paid promotion claims, invoices and lead quality before public exposure.; Approved; Boost Studio Admin; Campaign moderation"
boost-studio,src/modules/boost-studio/pages/ProviderPage.tsx,/providers/:providerId/boost-studio,Page,11,Yes,"getPortalLocale, LocaleSelect, i18n",Needs conversion,2026-07-17T01:37:41.492869+00:00,Category page; City page; Home feed; More bookings; More consultations; More followers
boost-studio,src/modules/boost-studio/pages/PublicBoostPage.tsx,/providers/:providerId/boosts,Page,1,Yes,"getPortalLocale, i18n",Needs conversion,2026-07-17T01:37:41.492869+00:00,Email
business-growth,src/modules/business-growth/module.tsx,,Support,2,No,,Needs conversion,2026-07-17T01:37:41.492869+00:00,Business Growth; Provider Updates
business-growth,src/modules/business-growth/pages/AdminPage.tsx,/admin/business-growth,Page,8,No,,Needs conversion,2026-07-17T01:37:41.492869+00:00,"Approve; Business Growth Admin; Campaign delivery; Growth post moderation; Moderate provider growth posts, supervise promotion requests and verify that notification-powered campaigns stay inside LSevin.; Note"
business-growth,src/modules/business-growth/pages/ProviderPage.tsx,/providers/:providerId/growth-tools,Page,57,No,,Needs conversion,2026-07-17T01:37:41.492869+00:00,Announcement; Approved; Audience; Bio; Body; Book consultation
business-growth,src/modules/business-growth/pages/PublicGrowthPage.tsx,,Page,18,No,,Needs conversion,2026-07-17T01:37:41.492869+00:00,Compare before booking; Country; Email; Follow / notify me; Follow this provider; Following is disabled for this provider right now.
business-growth,src/modules/business-growth/pages/PublicUpdatesPage.tsx,/providers/:providerId/updates,Page,10,No,,Needs conversion,2026-07-17T01:37:41.492869+00:00,Channel; Email; Follow on LSevin; Follow provider; Follower key; In-app
care-journey,src/modules/care-journey/module.tsx,,Support,3,No,,Needs conversion,2026-07-17T01:37:41.492869+00:00,Care Journey Admin; Care Journey Studio; Provider Care Journey
care-journey,src/modules/care-journey/pages/AdminPage.tsx,/admin/care-journey,Page,12,No,,Needs conversion,2026-07-17T01:37:41.492869+00:00,"Approve; Approve provider preparation and aftercare journeys, supervise follow-up requests, and keep customer care communication safe inside LSevin.; Care Journey Admin; Follow-up supervision; Open follow-ups; Publish"
care-journey,src/modules/care-journey/pages/ProviderPage.tsx,/providers/:providerId/care-journey,Page,63,No,,Needs conversion,2026-07-17T01:37:41.492869+00:00,Active journeys; Add step; Add step to first template; Aftercare; Appointment; Approved seed
care-journey,src/modules/care-journey/pages/PublicCarePage.tsx,/providers/:providerId/care,Page,16,No,,Needs conversion,2026-07-17T01:37:41.492869+00:00,Ask for follow-up; Email; Get reminders; Important:; In-app; Join this journey
challenge-studio,src/modules/challenge-studio/module.tsx,,Support,3,No,,Needs conversion,2026-07-17T01:37:41.492869+00:00,Challenge Admin; Challenge Studio; Provider Challenges
challenge-studio,src/modules/challenge-studio/pages/AdminPage.tsx,/admin/challenge-studio,Page,8,No,,Needs conversion,2026-07-17T01:37:41.492869+00:00,"Approve; Challenge Studio Admin; Challenge moderation; Milestone moderation; Moderate provider/staff challenges, milestones and public check-in risk before they appear on LSevin.; Open check-ins"
challenge-studio,src/modules/challenge-studio/pages/ProviderPage.tsx,/providers/:providerId/challenge-studio,Page,38,No,,Needs conversion,2026-07-17T01:37:41.492869+00:00,Active challenges; Add milestone; Aftercare; Approved challenges; Beauty; Challenge Studio
challenge-studio,src/modules/challenge-studio/pages/PublicChallengesPage.tsx,/providers/:providerId/challenges,Page,14,No,,Needs conversion,2026-07-17T01:37:41.492869+00:00,Active challenges; Approved challenges; Available challenges; Check in or ask for follow-up; Email; In-app
class-group-studio,src/modules/class-group-studio/api.ts,,Support,5,No,,Needs conversion,2026-07-17T01:37:41.492869+00:00,Enrollment access is invalid or expired.; Enrollment could not be created.; Enrollment response could not be saved.; Event could not be recorded.; Participant could not be added.
class-group-studio,src/modules/class-group-studio/module.tsx,,Support,13,No,,Needs conversion,2026-07-17T01:37:41.492869+00:00,"(""class_group_studio.create_enrollment"", async (request: ModuleCapabilityRequest; Attendance recorded.; Class & Group Session Administration; Class & Group Session Studio; Class activity added.; Class enrollment created."
class-group-studio,src/modules/class-group-studio/pages/AdminPage.tsx,/admin/class-group-studio,Page,16,No,,Needs conversion,2026-07-17T01:37:41.492869+00:00,"Approve; Class & Group Session Administration; Enrollment risks; Guardian checks; Moderate programs and supervise capacity, waitlists, expired seat offers, payment, minors and attendance risk.; No profile moderation items."
class-group-studio,src/modules/class-group-studio/pages/ProviderPage.tsx,/providers/:providerId/class-group-studio,Page,45,No,,Needs conversion,2026-07-17T01:37:41.492869+00:00,0 && !item.invoiceEntityId ?; ; searchParams: Record; Add timeline item; Attended; Cancellation notice; Class & Group Session Studio
class-group-studio,src/modules/class-group-studio/pages/PublicClassesPage.tsx,/providers/:providerId/classes,Page,32,No,,Needs conversion,2026-07-17T01:37:41.492869+00:00,"; searchParams: Record; Accept enrollment; Accept waitlist seat offer; Accessibility, guardian, membership or scheduling notes; Add participant; Ask for help"
community-studio,src/modules/community-studio/module.tsx,,Support,3,No,,Needs conversion,2026-07-17T01:37:41.492869+00:00,Community Studio; Community Studio Admin; Provider Community
community-studio,src/modules/community-studio/pages/AdminPage.tsx,/admin/community-studio,Page,13,No,,Needs conversion,2026-07-17T01:37:41.492869+00:00,"Approve; Archive; Community Studio Admin; Discussion prompts; Load; Moderate customer stories, safe social proof and provider discussion prompts before exposure on LSevin front."
community-studio,src/modules/community-studio/pages/ProviderPage.tsx,/providers/:providerId/community-studio,Page,53,No,,Needs conversion,2026-07-17T01:37:41.492869+00:00,"Add story; Approved seed; Approved stories; Ask customers a safe, useful question; Author display name; Build LSevin-native social proof: customer stories, safe galleries, prompts and community responses under admin moderation."
community-studio,src/modules/community-studio/pages/PublicCommunityPage.tsx,/providers/:providerId/community,Page,17,No,,Needs conversion,2026-07-17T01:37:41.492869+00:00,Collections; Community activity; Community guidelines; Community prompts; Country; Display name
concierge-studio,src/modules/concierge-studio/module.tsx,,Support,3,No,,Needs conversion,2026-07-17T01:37:41.492869+00:00,Concierge Admin; Concierge Studio; Provider Concierge
concierge-studio,src/modules/concierge-studio/pages/AdminPage.tsx,/admin/concierge-studio,Page,8,No,,Needs conversion,2026-07-17T01:37:41.492869+00:00,"Approve; Concierge Studio Admin; Customer concierge requests; Journey item moderation; Moderate travel/support plans, customer-visible journey items and urgent concierge requests before they appear on LSevin front.; Plan moderation"
concierge-studio,src/modules/concierge-studio/pages/ProviderPage.tsx,/providers/:providerId/concierge-studio,Page,46,No,,Needs conversion,2026-07-17T01:37:41.492869+00:00,Add item; Add plan item; Aftercare; Appointment; Approved plans; Beauty visit
concierge-studio,src/modules/concierge-studio/pages/PublicConciergePage.tsx,/providers/:providerId/concierge,Page,17,No,,Needs conversion,2026-07-17T01:37:41.492869+00:00,City; Country; Hotel; Hotel support; Interpreter; Interpreter support
consent-studio,src/modules/consent-studio/module.tsx,,Support,3,No,,Needs conversion,2026-07-17T01:37:41.492869+00:00,Consent Admin; Consent Studio; Provider Consent
consent-studio,src/modules/consent-studio/pages/AdminPage.tsx,/admin/consent-studio,Page,13,No,,Needs conversion,2026-07-17T01:37:41.492869+00:00,"Approve; Consent Studio Admin; Declined; For regulated/high-risk services, keep language factual, consent-specific and free of unsafe claims.; Mark signed; Moderate consent forms and clauses, supervise signed/declined consent records, and keep risk acknowledgement inside LSevin before booking, travel or aftercare."
consent-studio,src/modules/consent-studio/pages/ProviderPage.tsx,/providers/:providerId/consent-studio,Page,51,No,,Needs conversion,2026-07-17T01:37:41.492869+00:00,Add consent clause; Aftercare; Approved forms; Clause title; Clauses; Consent Studio
consent-studio,src/modules/consent-studio/pages/PublicConsentPage.tsx,/providers/:providerId/consent,Page,15,No,,Needs conversion,2026-07-17T01:37:41.492869+00:00,Any note for provider/LSevin team; Clauses; Consent forms; Email; Forms; Full name
consultation-studio,src/modules/consultation-studio/module.tsx,,Support,3,No,,Needs conversion,2026-07-17T01:37:41.492869+00:00,Consultation Admin; Consultation Studio; Provider Consultation
consultation-studio,src/modules/consultation-studio/pages/AdminPage.tsx,/admin/consultation-studio,Page,9,No,,Needs conversion,2026-07-17T01:37:41.492869+00:00,"Approve; Consultation Studio Admin; Consultation requests supervision; Moderate provider consultation flows and questions, supervise urgent consultation requests, and keep customer promises safe before public exposure.; Moderation queue; Pause"
consultation-studio,src/modules/consultation-studio/pages/ProviderPage.tsx,/providers/:providerId/consultation-studio,Page,40,No,,Needs conversion,2026-07-17T01:37:41.492869+00:00,"Add question; Aftercare; Approved flows; Beauty; Build guided consultation funnels so customers can ask the right questions, submit context and move toward consultation or booking inside LSevin.; Consultation Studio"
consultation-studio,src/modules/consultation-studio/pages/PublicConsultationPage.tsx,/providers/:providerId/consultation,Page,19,No,,Needs conversion,2026-07-17T01:37:41.492869+00:00,Consultation paths; Country; Email; English; I am interested; Normal
content-studio,src/modules/content-studio/module.tsx,,Support,2,No,,Needs conversion,2026-07-17T01:37:41.492869+00:00,Content Studio; Provider Stories
content-studio,src/modules/content-studio/pages/AdminPage.tsx,/admin/content-studio,Page,13,No,,Needs conversion,2026-07-17T01:37:41.492869+00:00,"Apply; Approve; Approved; Content Studio Admin; Events 30d; Moderate provider/staff stories, highlights, education posts and launch content before it appears on LSevin public surfaces."
content-studio,src/modules/content-studio/pages/ProviderPage.tsx,/providers/:providerId/content-studio,Page,56,No,,Needs conversion,2026-07-17T01:37:41.492869+00:00,Add to highlight; Allow customers to subscribe to content updates; Approved internal seed; Approved items; Body / caption / story text; CTA href
content-studio,src/modules/content-studio/pages/PublicStoriesPage.tsx,/providers/:providerId/stories,Page,11,No,,Needs conversion,2026-07-17T01:37:41.492869+00:00,Email; Follow content; Highlights; In-app; No approved stories yet.; Provider Stories
conversation-studio,src/modules/conversation-studio/api.ts,,Support,5,No,,Needs conversion,2026-07-17T01:37:41.492869+00:00,Conversation access is invalid.; Conversation could not be created.; Conversation was not found or access is invalid.; Message could not be sent.; Report could not be created.
conversation-studio,src/modules/conversation-studio/module.tsx,,Support,3,No,,Needs conversion,2026-07-17T01:37:41.492869+00:00,Conversation Studio; Conversation Studio Admin; Message Provider
conversation-studio,src/modules/conversation-studio/pages/AdminPage.tsx,/admin/conversation-studio,Page,12,No,,Needs conversion,2026-07-17T01:37:41.492869+00:00,"Admin supervision note / escalation reason; Approve; Approve public messaging configuration and supervise urgent, escalated, overdue or reported private conversations.; Conversation Studio moderation; Dismiss; Moderation and safety queue"
conversation-studio,src/modules/conversation-studio/pages/ProviderPage.tsx,/providers/:providerId/conversation-studio,Page,35,No,,Needs conversion,2026-07-17T01:37:41.492869+00:00,Accept new conversations; Allow attachment references; Assign staff user UUID; Attachment name; Conversation Studio; Create saved reply
conversation-studio,src/modules/conversation-studio/pages/PublicConversationPage.tsx,/providers/:providerId/messages,Page,24,No,,Needs conversion,2026-07-17T01:37:41.492869+00:00,Attachment name; Attachments; Continue this conversation; Describe what you need. Do not send emergency requests here.; Email; Explain the concern for LSevin review
conversion-studio,src/modules/conversion-studio/module.tsx,,Support,2,No,,Needs conversion,2026-07-17T01:37:41.492869+00:00,Conversion Studio; Provider Promotions
conversion-studio,src/modules/conversion-studio/pages/AdminPage.tsx,/admin/conversion-studio,Page,10,No,,Needs conversion,2026-07-17T01:37:41.492869+00:00,"Approve; CTA booking intents; Conversion Studio Admin; Moderate provider promotions, supervise offer claims and inspect booking-intent quality before public exposure.; Moderation queue; No conversion offers yet."
conversion-studio,src/modules/conversion-studio/pages/ProviderPage.tsx,/providers/:providerId/conversion-studio,Page,43,No,,Needs conversion,2026-07-17T01:37:41.492869+00:00,CTA intents; CTA label; Claims and CTA intents; Conversion Studio; Conversion profile; Create offer / conversion card
conversion-studio,src/modules/conversion-studio/pages/PublicPromotionsPage.tsx,/providers/:providerId/promotions,Page,5,No,,Needs conversion,2026-07-17T01:37:41.492869+00:00,Email; Name; No public promotions are active yet. You can still request guidance through LSevin.; Phone / WhatsApp; What do you need help with?
customer-case-studio,src/modules/customer-case-studio/api.ts,,Support,5,No,,Needs conversion,2026-07-17T01:37:41.492869+00:00,Customer case access is invalid.; Customer case could not be created.; Customer case was not found or access is invalid.; Customer check-in could not be submitted.; Customer task could not be updated.
customer-case-studio,src/modules/customer-case-studio/module.tsx,,Support,8,No,,Needs conversion,2026-07-17T01:37:41.492869+00:00,"(""customer_cases.create_case"", async (request: ModuleCapabilityRequest; Customer Case Admin; Customer Cases; Customer case blocker added.; Customer case blocker could not be created.; Customer case created."
customer-case-studio,src/modules/customer-case-studio/pages/AdminPage.tsx,/admin/customer-cases,Page,19,No,,Needs conversion,2026-07-17T01:37:41.492869+00:00,"Approve; Customer Case Supervision; High-risk blockers; Moderate case configuration and supervise urgent, high-risk, escalated, overdue and blocked customer journeys.; Moderation note; No open high-risk blockers."
customer-case-studio,src/modules/customer-case-studio/pages/ProviderPage.tsx,/providers/:providerId/customer-cases,Page,68,No,,Needs conversion,2026-07-17T01:37:41.492869+00:00,Add; Add blocker; Add milestone; Add task; Add timeline update; Allow customer case requests
customer-case-studio,src/modules/customer-case-studio/pages/PublicCasePage.tsx,/providers/:providerId/my-case,Page,28,No,,Needs conversion,2026-07-17T01:37:41.492869+00:00,"Case timeline; Coordinator response; Describe your goal, expected timing and important coordination context. Do not use this for emergencies.; Email; Full name; I need help"
customer-decision,src/modules/customer-decision/module.tsx,,Support,3,No,,Needs conversion,2026-07-17T01:37:41.492869+00:00,Compare Provider; Customer Decision; Decision Tools
customer-decision,src/modules/customer-decision/pages/AdminPage.tsx,/admin/customer-decision,Page,25,No,,Needs conversion,2026-07-17T01:37:41.492869+00:00,Approve; Archive; Booking ID; Booking created; Booking intents; Closed
customer-decision,src/modules/customer-decision/pages/ProviderPage.tsx,/providers/:providerId/decision-tools,Page,54,No,,Needs conversion,2026-07-17T01:37:41.492869+00:00,"Add comparison criterion; Add criterion; Arabic; Ask a question, Request guidance, Book consultation; Booking ID; Booking created"
customer-decision,src/modules/customer-decision/pages/PublicComparePage.tsx,/providers/:providerId/compare,Page,35,No,,Needs conversion,2026-07-17T01:37:41.492869+00:00,"; searchParams: Record; Ask before booking; Back to provider; Best fit; Budget; Compare trust signals, fit, expectations, and next steps before booking. LSevin gives more choice together with the information needed to choose well."
customer-engagement,src/modules/customer-engagement/api.ts,,Support,2,No,,Needs conversion,2026-07-17T01:37:41.492869+00:00,Customer name and message are required.; Question is required.
customer-engagement,src/modules/customer-engagement/module.tsx,,Support,2,No,,Needs conversion,2026-07-17T01:37:41.492869+00:00,Ask Provider; Customer Engagement
customer-engagement,src/modules/customer-engagement/pages/AdminPage.tsx,/admin/customer-engagement,Page,39,No,,Needs conversion,2026-07-17T01:37:41.492869+00:00,Admin update lead; Approve public; Approve public answer; Archive; Assigned user ID; Booking created
customer-engagement,src/modules/customer-engagement/pages/ProviderPage.tsx,/providers/:providerId/customer-engagement,Page,45,No,,Needs conversion,2026-07-17T01:37:41.492869+00:00,Add FAQ for approval; Answer; Answer question; Booking created; Category; Closed
customer-engagement,src/modules/customer-engagement/pages/PublicAskPage.tsx,/providers/:providerId/ask,Page,25,No,,Needs conversion,2026-07-17T01:37:41.492869+00:00,"; searchParams: Record; Answered customer questions; Ask a public question; Ask this provider; Before booking, customers can read verified FAQs, ask a public question, or send a private inquiry to the provider/LSevin team.; Email"
customer-relationship-studio,src/modules/customer-relationship-studio/api.ts,,Support,5,No,,Needs conversion,2026-07-17T01:37:41.492869+00:00,Commitment could not be completed.; Relationship event could not be recorded.; Relationship response could not be saved.; Relationship workspace could not be created.; Relationship workspace was not found or access is invalid.
customer-relationship-studio,src/modules/customer-relationship-studio/module.tsx,,Support,9,No,,Needs conversion,2026-07-17T01:37:41.492869+00:00,"(""customer_relationships.upsert_relationship"", async (request: ModuleCapabilityRequest; Customer Relationship Admin; Customer Relationships; Customer relationship workspace created.; My Relationship; Relationship commitment added."
customer-relationship-studio,src/modules/customer-relationship-studio/pages/AdminPage.tsx,/admin/customer-relationships,Page,20,No,,Needs conversion,2026-07-17T01:37:41.492869+00:00,Active; Approve; Approved profiles; At risk; Complete safe merge; Critical
customer-relationship-studio,src/modules/customer-relationship-studio/pages/ProviderPage.tsx,/providers/:providerId/customer-relationships,Page,74,No,,Needs conversion,2026-07-17T01:37:41.492869+00:00,; searchParams: Record; Active; Add alias; Add commitment; Add timeline record; At risk
customer-relationship-studio,src/modules/customer-relationship-studio/pages/PublicRelationshipPage.tsx,/providers/:providerId/my-relationship,Page,29,No,,Needs conversion,2026-07-17T01:37:41.492869+00:00,"; searchParams: Record; Ask for help; Customer-visible timeline; Describe the correction, question or contact request; Email; Full name"
dashboard,src/modules/dashboard/components/DashboardProviderCards.tsx,,Component,6,No,,Needs conversion,2026-07-17T01:37:41.492869+00:00,Bookings; Manage; Profile; Rating; Services; Staff
dashboard,src/modules/dashboard/module.tsx,,Support,3,No,,Needs conversion,2026-07-17T01:37:41.492869+00:00,Admin Control Center; Dashboard; Provider overview
dashboard,src/modules/dashboard/pages/AdminDashboardPage.tsx,/admin,Page,39,No,,Needs conversion,2026-07-17T01:37:41.492869+00:00,Active offers; Admin catalog completion; Admin route / replacement; Admin surface audit; All registered modules have an explicit administration path; Applications awaiting review
dashboard,src/modules/dashboard/pages/ProviderDashboardPage.tsx,/providers/:providerId/dashboard,Page,5,No,,Needs conversion,2026-07-17T01:37:41.492869+00:00,Bookings; Profile status; Provider-specific operations overview.; Services; Staff
dashboard,src/modules/dashboard/pages/UserDashboardPage.tsx,/dashboard,Page,11,No,,Needs conversion,2026-07-17T01:37:41.492869+00:00,Become a provider; Bookings; Dashboard; No provider workspace yet; Open applications; Providers
document-intake-studio,src/modules/document-intake-studio/module.tsx,,Support,3,No,,Needs conversion,2026-07-17T01:37:41.492869+00:00,Document Intake Admin; Document Intake Studio; Provider Documents
document-intake-studio,src/modules/document-intake-studio/pages/AdminPage.tsx,/admin/document-intake-studio,Page,12,No,,Needs conversion,2026-07-17T01:37:41.492869+00:00,"Accept submission; Approve; Document Intake Admin; Mark missing; Moderate checklists and requirements, supervise uploaded customer documents, and request corrections before travel or booking operations fail.; Pause"
document-intake-studio,src/modules/document-intake-studio/pages/ProviderPage.tsx,/providers/:providerId/document-intake-studio,Page,55,No,,Needs conversion,2026-07-17T01:37:41.492869+00:00,Accepted; Add requirement; Aftercare; Approved checklists; Beauty; Checklist title
document-intake-studio,src/modules/document-intake-studio/pages/PublicDocumentPage.tsx,/providers/:providerId/documents,Page,15,No,,Needs conversion,2026-07-17T01:37:41.492869+00:00,Accepted files; Any note for provider/LSevin team; Checklists; Document checklists; Email; File name
feedback-recovery-studio,src/modules/feedback-recovery-studio/api.ts,,Support,4,No,,Needs conversion,2026-07-17T01:37:41.492869+00:00,Feedback case was not found or access is invalid.; Feedback could not be submitted.; Feedback event could not be recorded.; Feedback response could not be saved.
feedback-recovery-studio,src/modules/feedback-recovery-studio/module.tsx,,Support,8,No,,Needs conversion,2026-07-17T01:37:41.492869+00:00,"(""feedback_recovery.create_feedback"", async (request: ModuleCapabilityRequest; Feedback Recovery; Feedback Recovery Admin; Feedback activity added.; Feedback case created.; Optional public review invitation recorded."
feedback-recovery-studio,src/modules/feedback-recovery-studio/pages/AdminPage.tsx,/admin/feedback-recovery,Page,17,No,,Needs conversion,2026-07-17T01:37:41.492869+00:00,"Approve; Approved profiles; Approved surveys; Critical; Feedback Recovery Admin; Moderate public feedback configuration and supervise critical dissatisfaction, SLA breaches, reopen patterns and review-invitation safety."
feedback-recovery-studio,src/modules/feedback-recovery-studio/pages/ProviderPage.tsx,/providers/:providerId/feedback-recovery,Page,71,No,,Needs conversion,2026-07-17T01:37:41.492869+00:00,; searchParams: Record; Active; Activity timeline; Add activity; Add recovery action; Add update or private note
feedback-recovery-studio,src/modules/feedback-recovery-studio/pages/PublicFeedbackPage.tsx,/providers/:providerId/feedback,Page,33,No,,Needs conversion,2026-07-17T01:37:41.492869+00:00,; searchParams: Record; Accept; Add details; Allow optional public review invitation; An optional public review invitation is available because this case was resolved and you granted consent. Publishing remains your choice.; Anonymous feedback
field-dispatch-studio,src/modules/field-dispatch-studio/api.ts,,Support,3,No,,Needs conversion,2026-07-17T01:37:41.492869+00:00,Field visit could not be created.; Field visit not found.; Field-visit response could not be submitted.
field-dispatch-studio,src/modules/field-dispatch-studio/module.tsx,,Support,10,No,,Needs conversion,2026-07-17T01:37:41.492869+00:00,"(""field_dispatch.create_visit"",async(request:ModuleCapabilityRequest; Dispatch activity added.; Dispatch event recorded.; Dispatch proof added.; Dispatch task added.; Field Dispatch"
field-dispatch-studio,src/modules/field-dispatch-studio/pages/AdminPage.tsx,/admin/field-dispatch,Page,10,No,,Needs conversion,2026-07-17T01:37:41.492869+00:00,"Approve; Dispatch risk queue; Field Dispatch Administration; Moderate provider dispatch policies and supervise unassigned, overdue, blocked, unsafe, failed or missing-proof field visits.; No field visits require supervision.; No profiles require review."
field-dispatch-studio,src/modules/field-dispatch-studio/pages/ProviderPage.tsx,/providers/:providerId/field-dispatch,Page,64,No,,Needs conversion,2026-07-17T01:37:41.492869+00:00,Accessibility needs; Active; Add proof; Add task; Add update; Address update
field-dispatch-studio,src/modules/field-dispatch-studio/pages/PublicFieldVisitPage.tsx,/providers/:providerId/field-visit,Page,38,No,,Needs conversion,2026-07-17T01:37:41.492869+00:00,";searchParams:Record; Accessibility needs; Address or destination label; Building, floor, unit, access code and directions; Cancel visit; Confirm appointment window"
finance,src/modules/finance/components/FinanceManager.tsx,,Component,15,No,,Needs conversion,2026-07-17T01:37:41.492869+00:00,Account holder; Add account; Add payout account; Approved earnings; Bank name; Default
finance,src/modules/finance/module.tsx,,Support,1,No,,Needs conversion,2026-07-17T01:37:41.492869+00:00,Finance legacy
finance,src/modules/finance/pages/LegacyFinancePage.tsx,/providers/:providerId/finance-legacy,Page,2,No,,Needs conversion,2026-07-17T01:37:41.492869+00:00,"Finance legacy; Legacy payout accounts, provider ledger and settlement readiness."
gift-card-studio,src/modules/gift-card-studio/api.ts,,Support,5,No,,Needs conversion,2026-07-17T01:37:41.492869+00:00,Gift access is invalid or expired.; Gift could not be claimed.; Gift event could not be recorded.; Gift request could not be created.; Gift response could not be saved.
gift-card-studio,src/modules/gift-card-studio/module.tsx,,Support,8,No,,Needs conversion,2026-07-17T01:37:41.492869+00:00,"(""gift_card_studio.create_gift"",async(request:ModuleCapabilityRequest; Gift Card & Voucher Studio; Gift Card Administration; Gift created.; Gift invoice requested.; Gift ledger updated."
gift-card-studio,src/modules/gift-card-studio/pages/AdminPage.tsx,/admin/gift-card-studio,Page,13,No,,Needs conversion,2026-07-17T01:37:41.492869+00:00,"Gift Card & Voucher Administration; Moderate public products and supervise payment, expiry, unclaimed value, refund and fraud risks.; No operational gift risks detected.; No product moderation items.; No profile moderation items.; Operational risks"
gift-card-studio,src/modules/gift-card-studio/pages/ProviderPage.tsx,/providers/:providerId/gift-card-studio,Page,85,No,,Needs conversion,2026-07-17T01:37:41.492869+00:00,0 = unlimited; ;searchParams:Record; Activity title; Amount; Approved products; Assigned user UUID
gift-card-studio,src/modules/gift-card-studio/pages/PublicGiftPage.tsx,/providers/:providerId/gifts,Page,37,No,,Needs conversion,2026-07-17T01:37:41.492869+00:00,;searchParams:Record; Ask for help; Buy or request a gift; Claim a gift; Claim securely; Create secure gift request
household-caregiver-studio,src/modules/household-caregiver-studio/api.ts,,Support,7,No,,Needs conversion,2026-07-17T01:37:41.492869+00:00,Caregiver invitation could not be accepted.; Caregiver invitation could not be created.; Household access is invalid or expired.; Household event could not be recorded.; Household member could not be added.; Household response could not be saved.
household-caregiver-studio,src/modules/household-caregiver-studio/module.tsx,,Support,11,No,,Needs conversion,2026-07-17T01:37:41.492869+00:00,"(""household_caregiver_studio.create_household"", async (request: ModuleCapabilityRequest; Caregiver invitation accepted.; Caregiver invited.; Caregiver reviewed.; Household & Caregiver Administration; Household & Caregiver Coordination"
household-caregiver-studio,src/modules/household-caregiver-studio/pages/AdminPage.tsx,/admin/household-caregiver-studio,Page,21,No,,Needs conversion,2026-07-17T01:37:41.492869+00:00,Approve; Caregiver verification and permission risk; Delegate risks; Expire; Household & Caregiver Administration; Minor and guardian authority review
household-caregiver-studio,src/modules/household-caregiver-studio/pages/ProviderPage.tsx,/providers/:providerId/household-caregiver-studio,Page,50,No,,Needs conversion,2026-07-17T01:37:41.492869+00:00,; searchParams: Record; Active households; Activity title; Add activity; Add household member; Add member
household-caregiver-studio,src/modules/household-caregiver-studio/pages/PublicHouseholdPage.tsx,/providers/:providerId/household-care,Page,46,No,,Needs conversion,2026-07-17T01:37:41.492869+00:00,; searchParams: Record; Accept caregiver invitation; Accept securely; Add a household member; Add member; Ask provider for help
lead-pipeline-studio,src/modules/lead-pipeline-studio/module.tsx,,Support,3,No,,Needs conversion,2026-07-17T01:37:41.492869+00:00,Lead Pipeline; Lead Pipeline Admin; Provider Next Step
lead-pipeline-studio,src/modules/lead-pipeline-studio/pages/AdminPage.tsx,/admin/lead-pipeline-studio,Page,7,No,,Needs conversion,2026-07-17T01:37:41.492869+00:00,Lead Pipeline Admin; Moderate public pipeline configuration and supervise urgent or overdue provider leads without exposing private requests publicly.; Moderation and supervision queue; No pending configuration or urgent/overdue leads.; Private lead supervision only. Contact the provider team through operational workflow; do not publish customer details.; Reviewer note
lead-pipeline-studio,src/modules/lead-pipeline-studio/pages/ProviderPage.tsx,/providers/:providerId/lead-pipeline-studio,Page,32,No,,Needs conversion,2026-07-17T01:37:41.492869+00:00,Add activity; Add lead; Add note/task; Add stage; Capture lead manually; Create pipeline
lead-pipeline-studio,src/modules/lead-pipeline-studio/pages/PublicNextStepPage.tsx,/providers/:providerId/next-step,Page,14,No,,Needs conversion,2026-07-17T01:37:41.492869+00:00,"Contact choices; Email; Explain your goal, preferred service/date/city, questions, or support needs.; Full name; High; Low"
live-engagement,src/modules/live-engagement/module.tsx,,Support,2,No,,Needs conversion,2026-07-17T01:37:41.492869+00:00,Live Engagement; Provider Live
live-engagement,src/modules/live-engagement/pages/AdminPage.tsx,/admin/live-engagement,Page,16,No,,Needs conversion,2026-07-17T01:37:41.492869+00:00,Apply; Approve; Approve + schedule; Archive; Live Engagement Admin; Mark live
live-engagement,src/modules/live-engagement/pages/ProviderPage.tsx,/providers/:providerId/live-engagement,Page,48,No,,Needs conversion,2026-07-17T01:37:41.492869+00:00,Aftercare; Allow RSVP reminders through LSevin notifications; Allow public questions; Announcement; Approved seed; Approved sessions
live-engagement,src/modules/live-engagement/pages/PublicLivePage.tsx,/providers/:providerId/live,Page,19,No,,Needs conversion,2026-07-17T01:37:41.492869+00:00,"1. RSVP to receive LSevin reminders.; 2. Ask your question before the session.; 3. Join live, watch replay or request guidance after the session.; Ask a question before the live; Ask question; Customer safety"
loyalty-studio,src/modules/loyalty-studio/module.tsx,,Support,3,No,,Needs conversion,2026-07-17T01:37:41.492869+00:00,Loyalty Admin; Loyalty Studio; Provider Club
loyalty-studio,src/modules/loyalty-studio/pages/AdminPage.tsx,/admin/loyalty-studio,Page,8,No,,Needs conversion,2026-07-17T01:37:41.492869+00:00,"Approve; Loyalty Studio Admin; Moderate loyalty tiers, perks and public customer benefit claims before they appear on LSevin.; Open perk claims; Perk moderation; Reject"
loyalty-studio,src/modules/loyalty-studio/pages/ProviderPage.tsx,/providers/:providerId/loyalty-studio,Page,42,No,,Needs conversion,2026-07-17T01:37:41.492869+00:00,Aftercare; Approved perks; Approved tiers; Club name; Club profile; Content access
loyalty-studio,src/modules/loyalty-studio/pages/PublicClubPage.tsx,/providers/:providerId/club,Page,11,No,,Needs conversion,2026-07-17T01:37:41.492869+00:00,Approved perks; Approved tiers; Email; In-app; Join club; Member tiers
manage,src/modules/manage/components/ManagementHub.tsx,,Component,21,No,,Needs conversion,2026-07-17T01:37:41.492869+00:00,"Availability; Bookings; Core marketplace readiness items completed.; Create, edit, link, or unlink provider staff and specialists.; Customer feedback and provider replies.; Data entry for services, prices, duration, booking settings, and status."
manage,src/modules/manage/module.tsx,,Support,1,No,,Needs conversion,2026-07-17T01:37:41.492869+00:00,Manage
manage,src/modules/manage/pages/ProviderManagePage.tsx,/providers/:providerId/manage,Page,2,No,,Needs conversion,2026-07-17T01:37:41.492869+00:00,Manage provider; One control surface for every provider data-entry and operations module.
media,src/modules/media/components/MediaManager.tsx,,Component,9,Yes,LocalizedField,Needs conversion,2026-07-17T01:37:41.492869+00:00,افزودن رسانه; انتخاب یا بارگذاری رسانه; ترتیب نمایش; تصویر; توضیحات; عنوان رسانه
media,src/modules/media/module.tsx,,Support,1,No,,Needs conversion,2026-07-17T01:37:41.492869+00:00,Media
media,src/modules/media/pages/MediaPage.tsx,/providers/:providerId/media,Page,2,No,,Needs conversion,2026-07-17T01:37:41.492869+00:00,Manage gallery photos and videos used in LSevin provider pages.; Media
media-library,src/modules/media-library/module.tsx,,Support,2,No,,Needs conversion,2026-07-17T01:37:41.492869+00:00,Global Media Library; Provider Media Library
media-library,src/modules/media-library/pages/AdminPage.tsx,/admin/media-library,Page,13,No,,Needs conversion,2026-07-17T01:37:41.492869+00:00,Apply; Approve; Approved; Assets; Decision; Global Media Library
media-library,src/modules/media-library/pages/ProviderPage.tsx,/providers/:providerId/media-library,Page,30,No,,Needs conversion,2026-07-17T01:37:41.492869+00:00,Add media; Alt English; Alt Persian; Approved; Attach to; Attached media
membership-studio,src/modules/membership-studio/api.ts,,Support,4,No,,Needs conversion,2026-07-17T01:37:41.492869+00:00,Membership access is invalid or expired.; Membership event could not be recorded.; Membership request could not be created.; Membership response could not be saved.
membership-studio,src/modules/membership-studio/module.tsx,,Support,7,No,,Needs conversion,2026-07-17T01:37:41.492869+00:00,"(""membership_studio.create_membership"",async(request:ModuleCapabilityRequest; Membership & Pass Studio; Membership Admin; Membership created.; Membership invoice requested.; Membership usage recorded."
membership-studio,src/modules/membership-studio/pages/AdminPage.tsx,/admin/membership-studio,Page,17,No,,Needs conversion,2026-07-17T01:37:41.492869+00:00,"Approve; Membership & Pass Supervision; Moderate public plans and supervise payment, expiry, low-credit, cancellation and auto-renew consent risks.; Moderation note; No plan moderation items.; No profile moderation items."
membership-studio,src/modules/membership-studio/pages/ProviderPage.tsx,/providers/:providerId/membership-studio,Page,56,No,,Needs conversion,2026-07-17T01:37:41.492869+00:00,"12-session fitness pass; ;searchParams:Record; Assigned user UUID; Auto-renew; Auto-renew option; Benefits, services and eligibility"
membership-studio,src/modules/membership-studio/pages/PublicMembershipPage.tsx,/providers/:providerId/memberships,Page,36,No,,Needs conversion,2026-07-17T01:37:41.492869+00:00,;searchParams:Record; Accept plan; Ask for help; Cancel membership; Credits; Decline request
notifications-module,src/modules/notifications-module/api.ts,,Support,1,No,,Needs conversion,2026-07-17T01:37:41.492869+00:00,Unauthorized notification bridge request
notifications-module,src/modules/notifications-module/module.tsx,,Support,7,No,,Needs conversion,2026-07-17T01:37:41.492869+00:00,"(""notifications.emit_from_lsevin"", async (request: ModuleCapabilityRequest; (""notifications.subscribe_audience"", async (request: ModuleCapabilityRequest; Audience subscription connected to the portal notification platform.; LSevin platform event was recorded and delivered to the portal inbox.; Notification Templates; Notification created by Notifications module."
notifications-module,src/modules/notifications-module/pages/AdminPage.tsx,/admin/notifications,Page,37,No,,Needs conversion,2026-07-17T01:37:41.492869+00:00,Active; Admin; Body; Body English; Body Persian; Bridge events
notifications-module,src/modules/notifications-module/pages/ProviderPage.tsx,/providers/:providerId/notifications,Page,8,No,,Needs conversion,2026-07-17T01:37:41.492869+00:00,"Inbox; Inbox items; Mark read; No notifications yet.; Operational inbox for claim, payment, booking, review, ticket, and content updates.; Provider Notifications"
offers,src/modules/offers/components/OffersManager.tsx,,Component,13,No,,Needs conversion,2026-07-17T01:37:41.492869+00:00,Code; Create offer; Description; Discount percent; Featured; No offers yet.
offers,src/modules/offers/module.tsx,,Support,1,No,,Needs conversion,2026-07-17T01:37:41.492869+00:00,Offers
offers,src/modules/offers/pages/AdminOffersPage.tsx,/admin/offers,Page,28,No,,Needs conversion,2026-07-17T01:37:41.492869+00:00,Active; Admin control center; All providers; All statuses; Change the filters or create offers from provider workspaces.; Controls
offers,src/modules/offers/pages/OffersPage.tsx,/providers/:providerId/offers,Page,2,No,,Needs conversion,2026-07-17T01:37:41.492869+00:00,Create and manage promotional offers for provider services.; Offers
onboarding,src/modules/onboarding/components/ApplicationForm.tsx,,Component,12,Yes,LocalizedField,Needs conversion,2026-07-17T01:37:41.492869+00:00,انتخاب نوع; ایمیل; تخصص یا نقش; تلفن; ثبت مرکز یا ارائه‌دهنده; درخواست مالکیت صفحه کارمند
onboarding,src/modules/onboarding/module.tsx,,Support,8,No,,Needs conversion,2026-07-17T01:37:41.492869+00:00,Application Review; Applications; Become LSevin staff; Become a provider; New provider application; New staff profile request
onboarding,src/modules/onboarding/pages/ApplicationsPage.tsx,/applications,Page,7,No,,Needs conversion,2026-07-17T01:37:41.492869+00:00,Applications submitted by your account.; New application; No applications; Open; Provider applications; Start
onboarding,src/modules/onboarding/pages/LandingPage.tsx,/become-provider,Page,30,No,,Needs conversion,2026-07-17T01:37:41.492869+00:00,"A modular portal where registered LSevin users can apply as providers, or admins can assign existing providers to users so they can manage their own services, staff, media, availability, bookings, offers, support, finance, and reports.; Availability; Become a provider; Bookings; Conversion flow; Dashboard"
onboarding,src/modules/onboarding/pages/NewApplicationPage.tsx,/applications/new,Page,2,No,,Needs conversion,2026-07-17T01:37:41.492869+00:00,Become a provider; Submit your provider information. LSevin admins can approve it and create or attach a provider workspace.
onboarding,src/modules/onboarding/pages/NewStaffApplicationPage.tsx,/applications/new/staff,Page,2,No,,Needs conversion,2026-07-17T01:37:41.492869+00:00,Claim or create a staff profile; Submit your staff profile ownership request. Clinic confirmation and LSevin approval are required before profile management is enabled.
onboarding,src/modules/onboarding/pages/StaffLandingPage.tsx,/become-staff,Page,29,No,,Needs conversion,2026-07-17T01:37:41.492869+00:00,"A dedicated landing path for doctors, specialists, trainers, beauty experts, interpreters, guides, and employees who need to claim or create a staff page connected to a verified provider.; Bookings; Claim an existing staff profile; Claim or create staff profile; Clinic + LSevin controlled access; Clinic relationship"
package-studio,src/modules/package-studio/module.tsx,,Support,3,No,,Needs conversion,2026-07-17T01:37:41.492869+00:00,Package Studio; Package Studio Admin; Provider Packages
package-studio,src/modules/package-studio/pages/AdminPage.tsx,/admin/package-studio,Page,11,No,,Needs conversion,2026-07-17T01:37:41.492869+00:00,Approve; Archive; Load; Moderate provider packages and supervise custom package requests before they appear on LSevin front.; Moderation note; Open package requests
package-studio,src/modules/package-studio/pages/ProviderPage.tsx,/providers/:providerId/package-studio,Page,50,No,,Needs conversion,2026-07-17T01:37:41.492869+00:00,Add; Add inclusion; Aftercare; Approved internal seed; Approved packages; Consultation
package-studio,src/modules/package-studio/pages/PublicPackagesPage.tsx,/providers/:providerId/packages,Page,22,No,,Needs conversion,2026-07-17T01:37:41.492869+00:00,Aftercare; Approved packages; Arabic; Budget; Consultation required; Country
partner-studio,src/modules/partner-studio/module.tsx,,Support,3,No,,Needs conversion,2026-07-17T01:37:41.492869+00:00,Partner Admin; Partner Studio; Provider Partners
partner-studio,src/modules/partner-studio/pages/AdminPage.tsx,/admin/partner-studio,Page,11,No,,Needs conversion,2026-07-17T01:37:41.492869+00:00,"Approve; Customer partner requests; Load; Moderate provider partner networks before they become public: hotels, transfers, interpreters, labs, gyms, spas, tours and local support.; Partner Studio Admin; Provider UUID"
partner-studio,src/modules/partner-studio/pages/ProviderPage.tsx,/providers/:providerId/partner-studio,Page,57,No,,Needs conversion,2026-07-17T01:37:41.492869+00:00,"Add partner; Admin-approved direct; Airport transfer; Approved partners; Area / neighborhood; Build a moderated LSevin partner network for hotels, transfers, interpreters, labs, gyms, spas, tours and local support around the provider journey."
partner-studio,src/modules/partner-studio/pages/PublicPartnerPage.tsx,/providers/:providerId/partners,Page,21,No,,Needs conversion,2026-07-17T01:37:41.492869+00:00,City; Country; Email; Gym; Hotel; Hotels
payment-billing,src/modules/payment-billing/api.ts,,Support,1,No,,Needs conversion,2026-07-17T01:37:41.492869+00:00,Missing payment intent id.
payment-billing,src/modules/payment-billing/module.tsx,,Support,16,No,,Needs conversion,2026-07-17T01:37:41.492869+00:00,"(""billing.issue_invoice"", async (request: ModuleCapabilityRequest; (""billing.issue_proforma"", async (request: ModuleCapabilityRequest; (""billing.issue_tax_invoice"", async (request: ModuleCapabilityRequest; (""payment.create_payment_intent"", async (request: ModuleCapabilityRequest; (""payment.reconcile_bank_statement"", async (request: ModuleCapabilityRequest; (""payment.upload_manual_receipt"", async (request: ModuleCapabilityRequest"
payment-billing,src/modules/payment-billing/pages/AdminPage.tsx,/admin/billing,Page,61,No,,Needs conversion,2026-07-17T01:37:41.492869+00:00,"Amount; Apply receipt decision; Bill to; Bill-to entity ID; Bill-to entity type; Central payment module used by Provider Portal, Pricing Plans, Finance/Settlements, Bookings, and any future module through Core ModuleBus capabilities."
payment-billing,src/modules/payment-billing/pages/ProviderPage.tsx,/providers/:providerId/billing,Page,28,No,,Needs conversion,2026-07-17T01:37:41.492869+00:00,Amount; Create payment intent; Currency; Due; Invoice; Invoice ID
pricing-plans,src/modules/pricing-plans/module.tsx,,Support,2,No,,Needs conversion,2026-07-17T01:37:41.492869+00:00,Current Provider Plan; Pricing Plans & Entitlements
pricing-plans,src/modules/pricing-plans/pages/AdminPage.tsx,/admin/pricing-plans,Page,28,No,,Needs conversion,2026-07-17T01:37:41.492869+00:00,Amount; Created; Currency; Database schema; Due date; Free claim
pricing-plans,src/modules/pricing-plans/pages/ProviderPage.tsx,/providers/:providerId/plan,Page,25,No,,Needs conversion,2026-07-17T01:37:41.492869+00:00,Amount; Billing cycle; Created; Currency; Current Provider Plan; Database schema
progress-outcomes-studio,src/modules/progress-outcomes-studio/api.ts,,Support,4,No,,Needs conversion,2026-07-17T01:37:41.492869+00:00,Progress event could not be recorded.; Progress plan could not be created.; Progress plan was not found or access is invalid.; Progress response could not be saved.
progress-outcomes-studio,src/modules/progress-outcomes-studio/module.tsx,,Support,12,No,,Needs conversion,2026-07-17T01:37:41.492869+00:00,"(""progress_outcomes.create_plan"",async(request:ModuleCapabilityRequest; Consent-aware story handoff prepared.; My Progress; Progress & Outcomes; Progress & Outcomes Admin; Progress activity added."
progress-outcomes-studio,src/modules/progress-outcomes-studio/pages/AdminPage.tsx,/admin/progress-outcomes,Page,13,No,,Needs conversion,2026-07-17T01:37:41.492869+00:00,"'completed' or p.story_consent_status; 'none' and (p.status; Approve; Moderate provider progress policies and supervise stalled, overdue, high-risk, safety-related or consent-invalid progress workflows.; No profiles require review.; No progress plans currently require supervision."
progress-outcomes-studio,src/modules/progress-outcomes-studio/pages/ProviderPage.tsx,/providers/:providerId/progress-outcomes,Page,71,No,,Needs conversion,2026-07-17T01:37:41.492869+00:00,Active; Active plans; Add check-in; Add goal; Add measurement; Add milestone
progress-outcomes-studio,src/modules/progress-outcomes-studio/pages/PublicProgressPage.tsx,/providers/:providerId/my-progress,Page,52,No,,Needs conversion,2026-07-17T01:37:41.492869+00:00,;searchParams:Record; Add measurement; Any blockers?; Anything the provider should know? Avoid emergency or highly sensitive details.; Check-ins and measurements; Choose a template or start custom
proposal-studio,src/modules/proposal-studio/module.tsx,,Support,3,No,,Needs conversion,2026-07-17T01:37:41.492869+00:00,Proposal Admin; Proposal Studio; Provider Proposals
proposal-studio,src/modules/proposal-studio/pages/AdminPage.tsx,/admin/proposal-studio,Page,8,No,,Needs conversion,2026-07-17T01:37:41.492869+00:00,"Approve; Customer proposal responses; Moderate proposal templates, personalized proposals and customer responses before they appear or trigger invoice/booking flow.; Proposal Studio Admin; Proposal moderation; Reject"
proposal-studio,src/modules/proposal-studio/pages/ProviderPage.tsx,/providers/:providerId/proposal-studio,Page,46,No,,Needs conversion,2026-07-17T01:37:41.492869+00:00,Accepted; Add item; Add proposal item; Aftercare plan; Consultation plan; Create personalized proposal
proposal-studio,src/modules/proposal-studio/pages/PublicProposalsPage.tsx,/providers/:providerId/proposals,Page,16,No,,Needs conversion,2026-07-17T01:37:41.492869+00:00,Accept; Accepted; Decline; Email; In-app; Invoiced
provider-access,src/modules/provider-access/components/ProviderCards.tsx,,Component,6,No,,Needs conversion,2026-07-17T01:37:41.492869+00:00,Bookings; Manage; Profile; Rating; Services; Staff
provider-access,src/modules/provider-access/module.tsx,,Support,2,No,,Needs conversion,2026-07-17T01:37:41.492869+00:00,My providers; Settings
provider-access,src/modules/provider-access/pages/MyProvidersPage.tsx,/providers,Page,5,No,,Needs conversion,2026-07-17T01:37:41.492869+00:00,"My providers; New application; No providers assigned; Providers assigned to your LSevin user account.; Your user is logged in, but no provider member row exists yet."
provider-access,src/modules/provider-access/pages/ProviderSettingsPage.tsx,/providers/:providerId/settings,Page,17,No,,Needs conversion,2026-07-17T01:37:41.492869+00:00,Admin; Assign existing LSevin users to this provider workspace and manage roles.; Assign user; Default provider; Editor; Manager
provider-finance-analytics,src/modules/provider-finance-analytics/components/AdminFinanceConsole.tsx,,Component,38,No,,Needs conversion,2026-07-17T01:37:41.492869+00:00,Amount; Apply adjustment; Approve; Bank; Bookings; Credit provider
provider-finance-analytics,src/modules/provider-finance-analytics/components/CompensationPoliciesManager.tsx,,Component,5,No,,Needs conversion,2026-07-17T01:37:41.492869+00:00,Gateway fee:; LSevin compensation policies; Mode:; No compensation policies found. Add policies in the existing commercial module/admin.; Priority:
provider-finance-analytics,src/modules/provider-finance-analytics/components/MoneyMovementTable.tsx,,Component,4,No,,Needs conversion,2026-07-17T01:37:41.492869+00:00,"Money movement between LSevin, provider and customer; No transfers are available.; No wallet movement has been recorded yet.; Provider wallet transactions"
provider-finance-analytics,src/modules/provider-finance-analytics/components/ProviderFinanceCommandCenter.tsx,,Component,23,No,,Needs conversion,2026-07-17T01:37:41.492869+00:00,Amount; Average order value; Bookings; Create wallet currency; Currency; Ensure wallet
provider-finance-analytics,src/modules/provider-finance-analytics/components/ReportsDashboard.tsx,,Component,16,No,,Needs conversion,2026-07-17T01:37:41.492869+00:00,Active services; Apply; Average rating; Bookings; Currency; From
provider-finance-analytics,src/modules/provider-finance-analytics/components/SettlementManager.tsx,,Component,21,No,,Needs conversion,2026-07-17T01:37:41.492869+00:00,1. LSevin calculates compensation from charge lines and provider ledgers.; 2. Admin creates and approves a settlement batch.; 3. Approved settlements credit the provider wallet.; 4. Provider can request تسویه مالی from wallet balance.; Adjustment; Approve + credit wallet
provider-finance-analytics,src/modules/provider-finance-analytics/module.tsx,,Support,14,No,,Needs conversion,2026-07-17T01:37:41.492869+00:00,"Create, approve, and mark provider settlement batches as paid.; Finance Control; LSevin-level compensation, transfers, wallet adjustments, withdrawals, and operational finance.; Provider wallet balances and money movement history.; Provider wallet, payable amount, withdrawals, settlements, and LSevin compensation summary.; Provider-level detailed reports and saved report snapshots."
provider-finance-analytics,src/modules/provider-finance-analytics/pages/AdminReportsPage.tsx,,Page,4,No,,Needs conversion,2026-07-17T01:37:41.492869+00:00,No snapshots yet.; Pass a providerId query string to open provider-level statistics. Recent saved snapshots are listed below.; Recent report snapshots; Reports
provider-finance-analytics,src/modules/provider-finance-analytics/pages/AdminSettlementsPage.tsx,,Page,2,No,,Needs conversion,2026-07-17T01:37:41.492869+00:00,Pass a providerId query string to review and create settlement batches.; Settlement management
providers,src/modules/providers/components/ProfileForm.tsx,,Component,16,Yes,LocalizedField,Needs conversion,2026-07-17T01:37:41.492869+00:00,ایمیل; با کاما جدا کنید; برای هر زبان محتوای مستقل و قالب‌بندی‌شده وارد کنید.; تخصص‌ها; تصویر اصلی پروفایل; تلفن
providers,src/modules/providers/module.tsx,,Support,2,No,,Needs conversion,2026-07-17T01:37:41.492869+00:00,Profile; Providers
providers,src/modules/providers/pages/AdminProvidersPage.tsx,/admin/providers,Page,27,No,,Needs conversion,2026-07-17T01:37:41.492869+00:00,Accredited; Active; Admin control center; All provider types; All statuses; Change the filters or approve a provider application first.
providers,src/modules/providers/pages/ProviderProfilePage.tsx,/providers/:providerId/profile,Page,2,No,,Needs conversion,2026-07-17T01:37:41.492869+00:00,Manage the provider data visible in LSevin marketplace.; Profile
rebooking-studio,src/modules/rebooking-studio/api.ts,,Support,4,No,,Needs conversion,2026-07-17T01:37:41.492869+00:00,Event could not be recorded.; Rebooking access is invalid or expired.; Rebooking request could not be created.; Rebooking response could not be saved.
rebooking-studio,src/modules/rebooking-studio/module.tsx,,Support,8,No,,Needs conversion,2026-07-17T01:37:41.492869+00:00,"(""rebooking_studio.create_invitation"", async (request: ModuleCapabilityRequest; Follow-up & Rebooking; Rebooking Admin; Rebooking activity added.; Rebooking invitation created.; Rebooking record marked as booked."
rebooking-studio,src/modules/rebooking-studio/pages/AdminPage.tsx,/admin/rebooking-studio,Page,16,No,,Needs conversion,2026-07-17T01:37:41.492869+00:00,"Approve; Moderate public programs and supervise overdue, urgent, max-attempt and consent-sensitive customer outreach.; Moderation note; No overdue, urgent or max-attempt items.; No profile moderation items.; No program moderation items."
rebooking-studio,src/modules/rebooking-studio/pages/ProviderPage.tsx,/providers/:providerId/rebooking-studio,Page,59,No,,Needs conversion,2026-07-17T01:37:41.492869+00:00,; searchParams: Record; Add activity; Allow customer requests; Assigned user UUID; Booking entity ID; Booking entity type
rebooking-studio,src/modules/rebooking-studio/pages/PublicFollowUpPage.tsx,/providers/:providerId/follow-up,Page,27,No,,Needs conversion,2026-07-17T01:37:41.492869+00:00,; searchParams: Record; Choose your next step; Continue allowing contact for this follow-up; Decline this follow-up; Describe your preferred timing and what you need. Do not use this page for emergencies.; Email
referral-growth,src/modules/referral-growth/module.tsx,,Support,2,No,,Needs conversion,2026-07-17T01:37:41.492869+00:00,Referral Growth; Share this provider
referral-growth,src/modules/referral-growth/pages/AdminPage.tsx,/admin/referral-growth,Page,12,No,,Needs conversion,2026-07-17T01:37:41.492869+00:00,Apply; Approve; Collaborators; Decision; Events; Leads
referral-growth,src/modules/referral-growth/pages/ProviderPage.tsx,/providers/:providerId/referral-growth,Page,48,No,,Needs conversion,2026-07-17T01:37:41.492869+00:00,Add collaborator; Approved; Booking ID; Booking created; CTA label; Collaborators
referral-growth,src/modules/referral-growth/pages/PublicReferralPage.tsx,/providers/:providerId/referral,Page,12,Yes,Copy,Needs conversion,2026-07-17T01:37:41.492869+00:00,Active collaborators; Channel; Copy link; Direct; Instagram; Optional
reporting-analytics,src/modules/reporting-analytics/module.tsx,,Support,2,No,,Needs conversion,2026-07-17T01:37:41.492869+00:00,Analytics & Reports; Provider Analytics
reporting-analytics,src/modules/reporting-analytics/pages/AdminPage.tsx,/admin/analytics,Page,14,No,,Needs conversion,2026-07-17T01:37:41.492869+00:00,"Admin-wide launch dashboard for supply acquisition, content, bookings, payments, reviews, tickets, and front conversion snapshots.; Analytics & Reports; Bookings; Capture admin snapshot; Format; No snapshots yet."
reporting-analytics,src/modules/reporting-analytics/pages/ProviderPage.tsx,/providers/:providerId/analytics,Page,11,No,,Needs conversion,2026-07-17T01:37:41.492869+00:00,"Bookings; Capture current metrics; Create snapshot; Customer-value dashboard for profile views, bookings, paid bookings, reviews, tickets, invoices, and profile completeness signals.; No snapshots yet. Create one before weekly review/export.; Open invoices"
reviews,src/modules/reviews/components/ReviewsManager.tsx,,Component,5,No,,Needs conversion,2026-07-17T01:37:41.492869+00:00,No reviews yet.; Public reply; Reply; Verified; Write provider reply...
reviews,src/modules/reviews/module.tsx,,Support,1,No,,Needs conversion,2026-07-17T01:37:41.492869+00:00,Reviews
reviews,src/modules/reviews/pages/ReviewsPage.tsx,/providers/:providerId/reviews,Page,2,No,,Needs conversion,2026-07-17T01:37:41.492869+00:00,Read customer reviews and submit provider replies.; Reviews
reviews-standalone,src/modules/reviews-standalone/module.tsx,,Support,2,No,,Needs conversion,2026-07-17T01:37:41.492869+00:00,Reviews & Replies; Reviews Moderation
reviews-standalone,src/modules/reviews-standalone/pages/AdminPage.tsx,/admin/reviews,Page,16,No,,Needs conversion,2026-07-17T01:37:41.492869+00:00,Apply; Approve; Average rating; Decision; Hide; Moderate reviews and provider replies before they are visible on LSevin public provider/service/staff pages.
reviews-standalone,src/modules/reviews-standalone/pages/ProviderPage.tsx,/providers/:providerId/reputation,Page,13,No,,Needs conversion,2026-07-17T01:37:41.492869+00:00,Average rating; No reviews yet.; Pending moderation; Public reply after moderation; Replied; Reply
services,src/modules/services/components/ServiceForm.tsx,,Component,12,Yes,LocalizedField,Needs conversion,2026-07-17T01:37:41.492869+00:00,ارز; انتخاب خدمت; تصویر خدمت; تعریف خدمت اصلی; توضیحات خدمت; ذخیره خدمت
services,src/modules/services/components/ServicesTable.tsx,,Component,5,No,,Needs conversion,2026-07-17T01:37:41.492869+00:00,Definition; Edit; Price; Service; Status
services,src/modules/services/module.tsx,,Support,3,No,,Needs conversion,2026-07-17T01:37:41.492869+00:00,Edit service; New service; Services
services,src/modules/services/pages/AdminServicesPage.tsx,/admin/services,Page,28,No,,Needs conversion,2026-07-17T01:37:41.492869+00:00,Active; Admin control center; All providers; All statuses; Change the filters or ask a provider to add a service.; Commercial
services,src/modules/services/pages/EditServicePage.tsx,/providers/:providerId/services/:serviceId/edit,Page,1,No,,Needs conversion,2026-07-17T01:37:41.492869+00:00,Edit service
services,src/modules/services/pages/NewServicePage.tsx,/providers/:providerId/services/new,Page,2,No,,Needs conversion,2026-07-17T01:37:41.492869+00:00,Attach a global LSevin service definition to this provider.; New service
services,src/modules/services/pages/ServicesPage.tsx,/providers/:providerId/services,Page,5,No,,Needs conversion,2026-07-17T01:37:41.492869+00:00,"Add service; New service; No services yet; Provider-specific prices, names, durations and booking settings.; Services"
slotdrop-studio,src/modules/slotdrop-studio/module.tsx,,Support,3,No,,Needs conversion,2026-07-17T01:37:41.492869+00:00,Provider Slot Drops; SlotDrop Admin; SlotDrop Studio
slotdrop-studio,src/modules/slotdrop-studio/pages/AdminPage.tsx,/admin/slotdrop-studio,Page,16,No,,Needs conversion,2026-07-17T01:37:41.492869+00:00,"Active; Approve; Approve last-minute availability drops, supervise claims, and protect customers from unsafe urgency or unmanaged offers.; Approved; Drop moderation; Events 30d"
slotdrop-studio,src/modules/slotdrop-studio/pages/ProviderPage.tsx,/providers/:providerId/slotdrop-studio,Page,32,No,,Needs conversion,2026-07-17T01:37:41.492869+00:00,Active drops; Approved drops; Cancellation; Consultation day; Create a slot drop; Drop title
slotdrop-studio,src/modules/slotdrop-studio/pages/PublicSlotDropsPage.tsx,/providers/:providerId/slot-drops,Page,19,No,,Needs conversion,2026-07-17T01:37:41.492869+00:00,Active openings; Any future opening; Country; Email; General request; In-app
staff,src/modules/staff/components/StaffForm.tsx,,Component,11,No,,Needs conversion,2026-07-17T01:37:41.492869+00:00,Active; Biography - English; Biography - Persian; Edit staff; Name - English; Name - Persian
staff,src/modules/staff/components/StaffManager.tsx,,Component,11,No,,Needs conversion,2026-07-17T01:37:41.492869+00:00,Add staff; Biography; Create staff; Edit; Name - English; Name - Persian
staff,src/modules/staff/module.tsx,,Support,3,No,,Needs conversion,2026-07-17T01:37:41.492869+00:00,Edit staff; Manage My Staff Profile; Staff
staff,src/modules/staff/pages/AdminStaffPage.tsx,/admin/staff,Page,32,No,,Needs conversion,2026-07-17T01:37:41.492869+00:00,Active profile and link; Active profiles; All providers; All statuses; Approved claim; Approved claims
staff,src/modules/staff/pages/EditStaffPage.tsx,/providers/:providerId/staff/:providerStaffId/edit,Page,2,No,,Needs conversion,2026-07-17T01:37:41.492869+00:00,"Edit staff; Update staff profile, title, specialty, image and active status."
staff,src/modules/staff/pages/SelfStaffProfilePage.tsx,/staff/:staffId/profile,Page,13,No,,Needs conversion,2026-07-17T01:37:41.492869+00:00,Biography (en-US); Biography (fa-IR); Manage my LSevin staff profile; Name (en-US); Name (fa-IR); Profile image URL
staff,src/modules/staff/pages/StaffPage.tsx,/providers/:providerId/staff,Page,2,No,,Needs conversion,2026-07-17T01:37:41.492869+00:00,"Create and link specialists, doctors, trainers or employees to this provider.; Staff"
support,src/modules/support/components/SupportManager.tsx,,Component,17,No,,Needs conversion,2026-07-17T01:37:41.492869+00:00,Closed; High; In progress; Low; Message; New ticket
support,src/modules/support/module.tsx,,Support,2,No,,Needs conversion,2026-07-17T01:37:41.492869+00:00,Provider support; Support
support,src/modules/support/pages/ProviderSupportPage.tsx,/providers/:providerId/support,Page,2,No,,Needs conversion,2026-07-17T01:37:41.492869+00:00,Create and manage support tickets for this provider workspace.; Provider support
support,src/modules/support/pages/SupportPage.tsx,/support,Page,2,No,,Needs conversion,2026-07-17T01:37:41.492869+00:00,Support; Support tickets across all providers assigned to your LSevin account.
ticketing,src/modules/ticketing/module.tsx,,Support,2,No,,Needs conversion,2026-07-17T01:37:41.492869+00:00,Provider Tickets; Ticketing Inbox
ticketing,src/modules/ticketing/pages/AdminPage.tsx,/admin/tickets,Page,23,No,,Needs conversion,2026-07-17T01:37:41.492869+00:00,Admin actions; Assignee user ID; Closed; High; In progress; Internal note only
ticketing,src/modules/ticketing/pages/ProviderPage.tsx,/providers/:providerId/tickets,Page,24,No,,Needs conversion,2026-07-17T01:37:41.492869+00:00,Attachment URL; Billing; Booking; Content; Department; High
trust-studio,src/modules/trust-studio/module.tsx,,Support,2,No,,Needs conversion,2026-07-17T01:37:41.492869+00:00,Provider Trust; Trust Studio
trust-studio,src/modules/trust-studio/pages/AdminPage.tsx,/admin/trust-studio,Page,19,No,,Needs conversion,2026-07-17T01:37:41.492869+00:00,"Apply; Approve; Award badge; Badge title; Moderate credentials, facility proof, badges and public trust questions before they influence customer booking decisions.; No submitted trust assets."
trust-studio,src/modules/trust-studio/pages/ProviderPage.tsx,/providers/:providerId/trust-studio,Page,52,No,,Needs conversion,2026-07-17T01:37:41.492869+00:00,Aftercare; Anonymized customer story title; Approved assets; Approved internal seed; Asset title; Assets & badges
trust-studio,src/modules/trust-studio/pages/PublicTrustPage.tsx,/providers/:providerId/trust,Page,12,No,,Needs conversion,2026-07-17T01:37:41.492869+00:00,"Ask about licenses, certificates, aftercare or facility proof; Ask about trust / verification; Compare provider; Customer stories; Email; LSevin verification summary"
admin-governance,src/modules/admin-governance/actions.ts,,Support,0,No,,Needs explicit phrase verification,2026-07-17T01:37:41.492869+00:00,No obvious literal found; verify runtime-generated and metadata copy.
arrival-checkin-studio,src/modules/arrival-checkin-studio/actions.ts,,Support,0,Yes,i18n,Rechecked,2026-07-17T01:37:41.492869+00:00,No probable hard-coded user-facing literals detected.
audience-growth,src/modules/audience-growth/actions.ts,,Support,0,Yes,i18n,Rechecked,2026-07-17T01:37:41.492869+00:00,No probable hard-coded user-facing literals detected.
audience-growth,src/modules/audience-growth/api.ts,,Support,0,No,,Needs explicit phrase verification,2026-07-17T01:37:41.492869+00:00,No obvious literal found; verify runtime-generated and metadata copy.
availability,src/modules/availability/actions.ts,,Support,0,No,,Needs explicit phrase verification,2026-07-17T01:37:41.492869+00:00,No obvious literal found; verify runtime-generated and metadata copy.
availability,src/modules/availability/pages/AvailabilityPage.tsx,/providers/:providerId/availability,Page,0,Yes,"getPortalLocale, i18n",Rechecked,2026-07-17T01:37:41.492869+00:00,No probable hard-coded user-facing literals detected.
booking-management,src/modules/booking-management/actions.ts,,Support,0,No,,Needs explicit phrase verification,2026-07-17T01:37:41.492869+00:00,No obvious literal found; verify runtime-generated and metadata copy.
bookings,src/modules/bookings/actions.ts,,Support,0,Yes,i18n,Rechecked,2026-07-17T01:37:41.492869+00:00,No probable hard-coded user-facing literals detected.
bookings,src/modules/bookings/pages/BookingsPage.tsx,/providers/:providerId/bookings,Page,0,Yes,"getPortalLocale, i18n",Rechecked,2026-07-17T01:37:41.492869+00:00,No probable hard-coded user-facing literals detected.
boost-studio,src/modules/boost-studio/actions.ts,,Support,0,Yes,i18n,Rechecked,2026-07-17T01:37:41.492869+00:00,No probable hard-coded user-facing literals detected.
boost-studio,src/modules/boost-studio/api.ts,,Support,0,No,,Needs explicit phrase verification,2026-07-17T01:37:41.492869+00:00,No obvious literal found; verify runtime-generated and metadata copy.
business-growth,src/modules/business-growth/actions.ts,,Support,0,No,,Needs explicit phrase verification,2026-07-17T01:37:41.492869+00:00,No obvious literal found; verify runtime-generated and metadata copy.
business-growth,src/modules/business-growth/api.ts,,Support,0,No,,Needs explicit phrase verification,2026-07-17T01:37:41.492869+00:00,No obvious literal found; verify runtime-generated and metadata copy.
care-journey,src/modules/care-journey/actions.ts,,Support,0,No,,Needs explicit phrase verification,2026-07-17T01:37:41.492869+00:00,No obvious literal found; verify runtime-generated and metadata copy.
care-journey,src/modules/care-journey/api.ts,,Support,0,No,,Needs explicit phrase verification,2026-07-17T01:37:41.492869+00:00,No obvious literal found; verify runtime-generated and metadata copy.
challenge-studio,src/modules/challenge-studio/actions.ts,,Support,0,No,,Needs explicit phrase verification,2026-07-17T01:37:41.492869+00:00,No obvious literal found; verify runtime-generated and metadata copy.
challenge-studio,src/modules/challenge-studio/api.ts,,Support,0,No,,Needs explicit phrase verification,2026-07-17T01:37:41.492869+00:00,No obvious literal found; verify runtime-generated and metadata copy.
class-group-studio,src/modules/class-group-studio/actions.ts,,Support,0,No,,Needs explicit phrase verification,2026-07-17T01:37:41.492869+00:00,No obvious literal found; verify runtime-generated and metadata copy.
community-studio,src/modules/community-studio/actions.ts,,Support,0,No,,Needs explicit phrase verification,2026-07-17T01:37:41.492869+00:00,No obvious literal found; verify runtime-generated and metadata copy.
community-studio,src/modules/community-studio/api.ts,,Support,0,No,,Needs explicit phrase verification,2026-07-17T01:37:41.492869+00:00,No obvious literal found; verify runtime-generated and metadata copy.
concierge-studio,src/modules/concierge-studio/actions.ts,,Support,0,No,,Needs explicit phrase verification,2026-07-17T01:37:41.492869+00:00,No obvious literal found; verify runtime-generated and metadata copy.
concierge-studio,src/modules/concierge-studio/api.ts,,Support,0,No,,Needs explicit phrase verification,2026-07-17T01:37:41.492869+00:00,No obvious literal found; verify runtime-generated and metadata copy.
consent-studio,src/modules/consent-studio/actions.ts,,Support,0,No,,Needs explicit phrase verification,2026-07-17T01:37:41.492869+00:00,No obvious literal found; verify runtime-generated and metadata copy.
consent-studio,src/modules/consent-studio/api.ts,,Support,0,No,,Needs explicit phrase verification,2026-07-17T01:37:41.492869+00:00,No obvious literal found; verify runtime-generated and metadata copy.
consultation-studio,src/modules/consultation-studio/actions.ts,,Support,0,No,,Needs explicit phrase verification,2026-07-17T01:37:41.492869+00:00,No obvious literal found; verify runtime-generated and metadata copy.
consultation-studio,src/modules/consultation-studio/api.ts,,Support,0,No,,Needs explicit phrase verification,2026-07-17T01:37:41.492869+00:00,No obvious literal found; verify runtime-generated and metadata copy.
content-studio,src/modules/content-studio/actions.ts,,Support,0,No,,Needs explicit phrase verification,2026-07-17T01:37:41.492869+00:00,No obvious literal found; verify runtime-generated and metadata copy.
content-studio,src/modules/content-studio/api.ts,,Support,0,No,,Needs explicit phrase verification,2026-07-17T01:37:41.492869+00:00,No obvious literal found; verify runtime-generated and metadata copy.
conversation-studio,src/modules/conversation-studio/actions.ts,,Support,0,No,,Needs explicit phrase verification,2026-07-17T01:37:41.492869+00:00,No obvious literal found; verify runtime-generated and metadata copy.
conversion-studio,src/modules/conversion-studio/actions.ts,,Support,0,No,,Needs explicit phrase verification,2026-07-17T01:37:41.492869+00:00,No obvious literal found; verify runtime-generated and metadata copy.
conversion-studio,src/modules/conversion-studio/api.ts,,Support,0,No,,Needs explicit phrase verification,2026-07-17T01:37:41.492869+00:00,No obvious literal found; verify runtime-generated and metadata copy.
customer-case-studio,src/modules/customer-case-studio/actions.ts,,Support,0,No,,Needs explicit phrase verification,2026-07-17T01:37:41.492869+00:00,No obvious literal found; verify runtime-generated and metadata copy.
customer-decision,src/modules/customer-decision/actions.ts,,Support,0,No,,Needs explicit phrase verification,2026-07-17T01:37:41.492869+00:00,No obvious literal found; verify runtime-generated and metadata copy.
customer-decision,src/modules/customer-decision/api.ts,,Support,0,No,,Needs explicit phrase verification,2026-07-17T01:37:41.492869+00:00,No obvious literal found; verify runtime-generated and metadata copy.
customer-engagement,src/modules/customer-engagement/actions.ts,,Support,0,No,,Needs explicit phrase verification,2026-07-17T01:37:41.492869+00:00,No obvious literal found; verify runtime-generated and metadata copy.
customer-relationship-studio,src/modules/customer-relationship-studio/actions.ts,,Support,0,No,,Needs explicit phrase verification,2026-07-17T01:37:41.492869+00:00,No obvious literal found; verify runtime-generated and metadata copy.
document-intake-studio,src/modules/document-intake-studio/actions.ts,,Support,0,No,,Needs explicit phrase verification,2026-07-17T01:37:41.492869+00:00,No obvious literal found; verify runtime-generated and metadata copy.
document-intake-studio,src/modules/document-intake-studio/api.ts,,Support,0,No,,Needs explicit phrase verification,2026-07-17T01:37:41.492869+00:00,No obvious literal found; verify runtime-generated and metadata copy.
feedback-recovery-studio,src/modules/feedback-recovery-studio/actions.ts,,Support,0,No,,Needs explicit phrase verification,2026-07-17T01:37:41.492869+00:00,No obvious literal found; verify runtime-generated and metadata copy.
field-dispatch-studio,src/modules/field-dispatch-studio/actions.ts,,Support,0,No,,Needs explicit phrase verification,2026-07-17T01:37:41.492869+00:00,No obvious literal found; verify runtime-generated and metadata copy.
finance,src/modules/finance/actions.ts,,Support,0,No,,Needs explicit phrase verification,2026-07-17T01:37:41.492869+00:00,No obvious literal found; verify runtime-generated and metadata copy.
gift-card-studio,src/modules/gift-card-studio/actions.ts,,Support,0,No,,Needs explicit phrase verification,2026-07-17T01:37:41.492869+00:00,No obvious literal found; verify runtime-generated and metadata copy.
household-caregiver-studio,src/modules/household-caregiver-studio/actions.ts,,Support,0,No,,Needs explicit phrase verification,2026-07-17T01:37:41.492869+00:00,No obvious literal found; verify runtime-generated and metadata copy.
lead-pipeline-studio,src/modules/lead-pipeline-studio/actions.ts,,Support,0,No,,Needs explicit phrase verification,2026-07-17T01:37:41.492869+00:00,No obvious literal found; verify runtime-generated and metadata copy.
lead-pipeline-studio,src/modules/lead-pipeline-studio/api.ts,,Support,0,No,,Needs explicit phrase verification,2026-07-17T01:37:41.492869+00:00,No obvious literal found; verify runtime-generated and metadata copy.
live-engagement,src/modules/live-engagement/actions.ts,,Support,0,No,,Needs explicit phrase verification,2026-07-17T01:37:41.492869+00:00,No obvious literal found; verify runtime-generated and metadata copy.
live-engagement,src/modules/live-engagement/api.ts,,Support,0,No,,Needs explicit phrase verification,2026-07-17T01:37:41.492869+00:00,No obvious literal found; verify runtime-generated and metadata copy.
loyalty-studio,src/modules/loyalty-studio/actions.ts,,Support,0,No,,Needs explicit phrase verification,2026-07-17T01:37:41.492869+00:00,No obvious literal found; verify runtime-generated and metadata copy.
loyalty-studio,src/modules/loyalty-studio/api.ts,,Support,0,No,,Needs explicit phrase verification,2026-07-17T01:37:41.492869+00:00,No obvious literal found; verify runtime-generated and metadata copy.
media,src/modules/media/actions.ts,,Support,0,No,,Needs explicit phrase verification,2026-07-17T01:37:41.492869+00:00,No obvious literal found; verify runtime-generated and metadata copy.
media-library,src/modules/media-library/actions.ts,,Support,0,No,,Needs explicit phrase verification,2026-07-17T01:37:41.492869+00:00,No obvious literal found; verify runtime-generated and metadata copy.
membership-studio,src/modules/membership-studio/actions.ts,,Support,0,No,,Needs explicit phrase verification,2026-07-17T01:37:41.492869+00:00,No obvious literal found; verify runtime-generated and metadata copy.
notifications-module,src/modules/notifications-module/actions.ts,,Support,0,No,,Needs explicit phrase verification,2026-07-17T01:37:41.492869+00:00,No obvious literal found; verify runtime-generated and metadata copy.
offers,src/modules/offers/actions.ts,,Support,0,No,,Needs explicit phrase verification,2026-07-17T01:37:41.492869+00:00,No obvious literal found; verify runtime-generated and metadata copy.
onboarding,src/modules/onboarding/actions.ts,,Support,0,Yes,"getPortalLocale, i18n",Rechecked,2026-07-17T01:37:41.492869+00:00,No probable hard-coded user-facing literals detected.
onboarding,src/modules/onboarding/approval-errors.ts,,Support,0,Yes,"Copy, i18n",Rechecked,2026-07-17T01:37:41.492869+00:00,Batch 64 conversion complete; eight locales and locale-aware server/runtime messages.
onboarding,src/modules/onboarding/pages/AdminApplicationPage.tsx,/admin/applications/:applicationId,Page,1,Yes,"getPortalLocale, Copy, i18n",Rechecked,2026-07-17T01:37:41.492869+00:00,Batch 64 conversion complete; eight locales and locale-aware server/runtime messages.
onboarding,src/modules/onboarding/pages/AdminApplicationsPage.tsx,/admin/applications,Page,0,Yes,"getPortalLocale, Copy, i18n",Rechecked,2026-07-17T01:37:41.492869+00:00,Batch 64 conversion complete; eight locales and locale-aware server/runtime messages.
package-studio,src/modules/package-studio/actions.ts,,Support,0,No,,Needs explicit phrase verification,2026-07-17T01:37:41.492869+00:00,No obvious literal found; verify runtime-generated and metadata copy.
package-studio,src/modules/package-studio/api.ts,,Support,0,No,,Needs explicit phrase verification,2026-07-17T01:37:41.492869+00:00,No obvious literal found; verify runtime-generated and metadata copy.
partner-studio,src/modules/partner-studio/actions.ts,,Support,0,No,,Needs explicit phrase verification,2026-07-17T01:37:41.492869+00:00,No obvious literal found; verify runtime-generated and metadata copy.
partner-studio,src/modules/partner-studio/api.ts,,Support,0,No,,Needs explicit phrase verification,2026-07-17T01:37:41.492869+00:00,No obvious literal found; verify runtime-generated and metadata copy.
payment-billing,src/modules/payment-billing/actions.ts,,Support,0,No,,Needs explicit phrase verification,2026-07-17T01:37:41.492869+00:00,No obvious literal found; verify runtime-generated and metadata copy.
pricing-plans,src/modules/pricing-plans/actions.ts,,Support,0,No,,Needs explicit phrase verification,2026-07-17T01:37:41.492869+00:00,No obvious literal found; verify runtime-generated and metadata copy.
progress-outcomes-studio,src/modules/progress-outcomes-studio/actions.ts,,Support,0,No,,Needs explicit phrase verification,2026-07-17T01:37:41.492869+00:00,No obvious literal found; verify runtime-generated and metadata copy.
proposal-studio,src/modules/proposal-studio/actions.ts,,Support,0,No,,Needs explicit phrase verification,2026-07-17T01:37:41.492869+00:00,No obvious literal found; verify runtime-generated and metadata copy.
proposal-studio,src/modules/proposal-studio/api.ts,,Support,0,No,,Needs explicit phrase verification,2026-07-17T01:37:41.492869+00:00,No obvious literal found; verify runtime-generated and metadata copy.
provider-access,src/modules/provider-access/actions.ts,,Support,0,No,,Needs explicit phrase verification,2026-07-17T01:37:41.492869+00:00,No obvious literal found; verify runtime-generated and metadata copy.
provider-finance-analytics,src/modules/provider-finance-analytics/actions.ts,,Support,0,No,,Needs explicit phrase verification,2026-07-17T01:37:41.492869+00:00,No obvious literal found; verify runtime-generated and metadata copy.
provider-finance-analytics,src/modules/provider-finance-analytics/pages/AdminFinancePage.tsx,,Page,0,No,,Needs explicit phrase verification,2026-07-17T01:37:41.492869+00:00,No obvious literal found; verify runtime-generated and metadata copy.
provider-finance-analytics,src/modules/provider-finance-analytics/pages/ProviderFinancePage.tsx,,Page,0,No,,Needs explicit phrase verification,2026-07-17T01:37:41.492869+00:00,No obvious literal found; verify runtime-generated and metadata copy.
provider-finance-analytics,src/modules/provider-finance-analytics/pages/ProviderReportsPage.tsx,,Page,0,No,,Needs explicit phrase verification,2026-07-17T01:37:41.492869+00:00,No obvious literal found; verify runtime-generated and metadata copy.
provider-finance-analytics,src/modules/provider-finance-analytics/pages/ProviderSettlementsPage.tsx,,Page,0,No,,Needs explicit phrase verification,2026-07-17T01:37:41.492869+00:00,No obvious literal found; verify runtime-generated and metadata copy.
provider-finance-analytics,src/modules/provider-finance-analytics/pages/ProviderWalletPage.tsx,,Page,0,No,,Needs explicit phrase verification,2026-07-17T01:37:41.492869+00:00,No obvious literal found; verify runtime-generated and metadata copy.
provider-portal,src/modules/provider-portal/actions.ts,,Support,0,Yes,"getPortalLocale, Copy, i18n",Rechecked,2026-07-17T01:37:41.492869+00:00,"Batch 65 claims, ownership and moderation conversion complete; eight locales, localized metadata, Core multilingual fields and locale-aware server actions."
provider-portal,src/modules/provider-portal/api.ts,,Support,0,Yes,"Copy, i18n",Rechecked,2026-07-17T01:37:41.492869+00:00,"Batch 66 launch-readiness conversion complete; 43 checklist labels in eight locales, localized runtime copy/statuses, direction-safe pages and locale-aware public API."
provider-portal,src/modules/provider-portal/module.tsx,,Support,0,Yes,i18n,Rechecked,2026-07-17T01:37:41.492869+00:00,"Batch 65 claims, ownership and moderation conversion complete; eight locales, localized metadata, Core multilingual fields and locale-aware server actions."
provider-portal,src/modules/provider-portal/pages/AdminLaunchReadinessPage.tsx,/admin/provider-launch-readiness,Page,0,Yes,"getPortalLocale, Copy, i18n",Rechecked,2026-07-17T01:37:41.492869+00:00,"Batch 66 launch-readiness conversion complete; 43 checklist labels in eight locales, localized runtime copy/statuses, direction-safe pages and locale-aware public API."
provider-portal,src/modules/provider-portal/pages/AdminPage.tsx,/admin/provider-claims,Page,0,Yes,"getPortalLocale, Copy, i18n",Rechecked,2026-07-17T01:37:41.492869+00:00,"Batch 65 claims, ownership and moderation conversion complete; eight locales, localized metadata, Core multilingual fields and locale-aware server actions."
provider-portal,src/modules/provider-portal/pages/LaunchReadinessPage.tsx,/providers/:providerId/launch-readiness,Page,0,Yes,"getPortalLocale, Copy, i18n",Rechecked,2026-07-17T01:37:41.492869+00:00,"Batch 66 launch-readiness conversion complete; 43 checklist labels in eight locales, localized runtime copy/statuses, direction-safe pages and locale-aware public API."
provider-portal,src/modules/provider-portal/pages/ModerationPage.tsx,/admin/moderation,Page,1,Yes,"getPortalLocale, Copy, i18n",Rechecked,2026-07-17T01:37:41.492869+00:00,"Batch 65 claims, ownership and moderation conversion complete; eight locales, localized metadata, Core multilingual fields and locale-aware server actions."
provider-portal,src/modules/provider-portal/pages/ProviderPage.tsx,/providers/:providerId/portal,Page,0,Yes,"getPortalLocale, LocalizedField, LocaleSelect, Copy, i18n",Rechecked,2026-07-17T01:37:41.492869+00:00,"Batch 65 claims, ownership and moderation conversion complete; eight locales, localized metadata, Core multilingual fields and locale-aware server actions."
providers,src/modules/providers/actions.ts,,Support,0,No,,Needs explicit phrase verification,2026-07-17T01:37:41.492869+00:00,No obvious literal found; verify runtime-generated and metadata copy.
rebooking-studio,src/modules/rebooking-studio/actions.ts,,Support,0,No,,Needs explicit phrase verification,2026-07-17T01:37:41.492869+00:00,No obvious literal found; verify runtime-generated and metadata copy.
referral-growth,src/modules/referral-growth/actions.ts,,Support,0,No,,Needs explicit phrase verification,2026-07-17T01:37:41.492869+00:00,No obvious literal found; verify runtime-generated and metadata copy.
referral-growth,src/modules/referral-growth/api.ts,,Support,0,No,,Needs explicit phrase verification,2026-07-17T01:37:41.492869+00:00,No obvious literal found; verify runtime-generated and metadata copy.
reporting-analytics,src/modules/reporting-analytics/actions.ts,,Support,0,No,,Needs explicit phrase verification,2026-07-17T01:37:41.492869+00:00,No obvious literal found; verify runtime-generated and metadata copy.
reviews,src/modules/reviews/actions.ts,,Support,0,No,,Needs explicit phrase verification,2026-07-17T01:37:41.492869+00:00,No obvious literal found; verify runtime-generated and metadata copy.
reviews-standalone,src/modules/reviews-standalone/actions.ts,,Support,0,No,,Needs explicit phrase verification,2026-07-17T01:37:41.492869+00:00,No obvious literal found; verify runtime-generated and metadata copy.
services,src/modules/services/actions.ts,,Support,0,No,,Needs explicit phrase verification,2026-07-17T01:37:41.492869+00:00,No obvious literal found; verify runtime-generated and metadata copy.
slotdrop-studio,src/modules/slotdrop-studio/actions.ts,,Support,0,No,,Needs explicit phrase verification,2026-07-17T01:37:41.492869+00:00,No obvious literal found; verify runtime-generated and metadata copy.
slotdrop-studio,src/modules/slotdrop-studio/api.ts,,Support,0,No,,Needs explicit phrase verification,2026-07-17T01:37:41.492869+00:00,No obvious literal found; verify runtime-generated and metadata copy.
staff,src/modules/staff/actions.ts,,Support,0,No,,Needs explicit phrase verification,2026-07-17T01:37:41.492869+00:00,No obvious literal found; verify runtime-generated and metadata copy.
support,src/modules/support/actions.ts,,Support,0,No,,Needs explicit phrase verification,2026-07-17T01:37:41.492869+00:00,No obvious literal found; verify runtime-generated and metadata copy.
ticketing,src/modules/ticketing/actions.ts,,Support,0,No,,Needs explicit phrase verification,2026-07-17T01:37:41.492869+00:00,No obvious literal found; verify runtime-generated and metadata copy.
trust-studio,src/modules/trust-studio/actions.ts,,Support,0,No,,Needs explicit phrase verification,2026-07-17T01:37:41.492869+00:00,No obvious literal found; verify runtime-generated and metadata copy.
trust-studio,src/modules/trust-studio/api.ts,,Support,0,No,,Needs explicit phrase verification,2026-07-17T01:37:41.492869+00:00,No obvious literal found; verify runtime-generated and metadata copy.
